{
  "system_version": "v12.1",
  "timestamp": "2025-06-29T10:45:24.755226",
  "analysis_result": {
    "race_id": "test_race_001",
    "predictions": {
      "ensemble": [
        2.941259684962786,
        4.14655169368622,
        4.093386994713957,
        3.77301822670196,
        4.2346037911312,
        3.332721990616643
      ],
      "individual_models": {
        "xgboost": [
          3.1213595867156982,
          4.200061321258545,
          4.268370628356934,
          3.757690191268921,
          4.043039321899414,
          3.5757389068603516
        ],
        "random_forest": [
          3.3749486462189235,
          3.944087116622293,
          4.096635088967028,
          3.747503189389825,
          4.019480152553844,
          3.677207872880324
        ],
        "gradient_boosting": [
          2.9331287154000454,
          4.189668896274153,
          4.219996982460598,
          3.8416344764419517,
          4.355201169741302,
          3.4617329993244472
        ],
        "neural_network": [
          2.5963309931569185,
          4.200870839892696,
          3.9011046215855556,
          3.7473455184563518,
          4.380855976812265,
          2.9048553511899082
        ]
      },
      "predicted_ranks": [
        1,
        6,
        4,
        3,
        2,
        5
      ]
    },
    "boat_analysis": [
      {
        "boat_number": 1,
        "racer_name": "選手1",
        "predicted_rank": 1,
        "confidence_score": 2.941259684962786,
        "win_probability": 0.6117480630074428,
        "features": [
          0.10734430399755994,
          0.281800620459251,
          0.49559795227150505,
          0.754749521470358,
          0.6055816813958155,
          0.388699286365378,
          0.8,
          0.6304043899711818,
          0.07004448234963068,
          5.991013556195962,
          17.68250041873833,
          62.07107753248911,
          18.0,
          58.32522605322742,
          57.0,
          -0.043199971635242265,
          7.173031254836033,
          0.016672594182722142
        ]
      },
      {
        "boat_number": 5,
        "racer_name": "選手5",
        "predicted_rank": 2,
        "confidence_score": 4.2346037911312,
        "win_probability": 0.3530792417737601,
        "features": [
          0.1534126103950031,
          0.18165102142523926,
          0.6282592720197528,
          0.7079624955109882,
          0.42488450642965764,
          0.40495514672249605,
          0.4,
          0.6304043899711818,
          0.07004448234963068,
          5.991013556195962,
          17.68250041873833,
          62.07107753248911,
          22.0,
          54.3017732582909,
          20.0,
          0.020897514593933894,
          6.987547396931819,
          0.20560732330133374
        ]
      },
      {
        "boat_number": 4,
        "racer_name": "選手4",
        "predicted_rank": 3,
        "confidence_score": 3.77301822670196,
        "win_probability": 0.44539635465960803,
        "features": [
          0.1567600158833569,
          0.25095056886617356,
          0.4727126943404123,
          0.7107010717577036,
          0.4781134437446878,
          0.3618316316032929,
          0.4,
          0.6304043899711818,
          0.07004448234963068,
          5.991013556195962,
          17.68250041873833,
          62.07107753248911,
          29.0,
          54.82076939676245,
          34.0,
          -0.008856376257333765,
          7.2687338039868425,
          0.15667247811140397
        ]
      },
      {
        "boat_number": 3,
        "racer_name": "選手3",
        "predicted_rank": 4,
        "confidence_score": 4.093386994713957,
        "win_probability": 0.38132260105720855,
        "features": [
          0.1485281851745865,
          0.13036229482240078,
          0.46413402648599134,
          0.5316629695583466,
          0.5568373961083428,
          0.29724816065419607,
          0.6,
          0.6304043899711818,
          0.07004448234963068,
          5.991013556195962,
          17.68250041873833,
          62.07107753248911,
          4.0,
          56.76207263777061,
          33.0,
          -0.0005764073592387162,
          6.911458372524103,
          0.17189815542977094
        ]
      },
      {
        "boat_number": 6,
        "racer_name": "選手6",
        "predicted_rank": 5,
        "confidence_score": 3.332721990616643,
        "win_probability": 0.5334556018766714,
        "features": [
          0.1693355526063677,
          0.27117394650916327,
          0.5759651890226153,
          0.5457270717840259,
          0.3528858967607952,
          0.4235695677658893,
          0.4,
          0.6304043899711818,
          0.07004448234963068,
          5.991013556195962,
          17.68250041873833,
          62.07107753248911,
          26.0,
          53.718983008702445,
          42.0,
          0.02209553104836723,
          7.261632683416523,
          0.07609988095020755
        ]
      },
      {
        "boat_number": 2,
        "racer_name": "選手2",
        "predicted_rank": 6,
        "confidence_score": 4.14655169368622,
        "win_probability": 0.370689661262756,
        "features": [
          0.15034242105116796,
          0.11608620808661083,
          0.5381353628889408,
          0.6149049928530588,
          0.40538346632092204,
          0.32711078548777583,
          0.6,
          0.6304043899711818,
          0.07004448234963068,
          5.991013556195962,
          17.68250041873833,
          62.07107753248911,
          18.0,
          60.44299032041524,
          33.0,
          -0.02494984031152967,
          7.041495301111961,
          0.19823913817543348
        ]
      }
    ]
  },
  "formations": {
    "race_id": "test_race_001",
    "timestamp": "2025-06-29T10:45:24.754949",
    "recommendations": [
      {
        "bet_type": "3連単",
        "combination": [
          1,
          5,
          4
        ],
        "confidence": 3.649627234265315,
        "expected_odds": 12.330026359269725,
        "recommended_amount": 1000
      },
      {
        "bet_type": "3連複",
        "combination": [
          1,
          4,
          5
        ],
        "confidence": 3.2846645108387835,
        "expected_odds": 4.110008786423242,
        "recommended_amount": 800
      },
      {
        "bet_type": "2連単",
        "combination": [
          1,
          5
        ],
        "confidence": 3.5879317380469926,
        "expected_odds": 3.3445452355601173,
        "recommended_amount": 1500
      },
      {
        "bet_type": "単勝",
        "combination": [
          1
        ],
        "confidence": 2.941259684962786,
        "expected_odds": 1.1899663324166099,
        "recommended_amount": 2000
      }
    ],
    "summary": {
      "total_investment": 5300,
      "expected_return": 80800.0,
      "roi_estimate": 1424.5283018867924
    }
  },
  "model_info": {
    "ensemble_weights": [
      0.2,
      0.2,
      0.25,
      0.35
    ],
    "feature_count": 18,
    "models_used": [
      "xgboost",
      "random_forest",
      "gradient_boosting",
      "neural_network"
    ]
  }
}